Doctor's Name,speciality,Link
"Diem Truong,LAc, MSTOM",Acupuncturist,https://www.zocdoc.com/doctor/diem-truong-lac-mstom-444204
"Dr.Jennifer Zocca,MD",Pain Management Specialist,https://maidenlanemedical.com/profile/jennifer-zocca-md/
"Dr.Douglas Allen,DO",Physiatrist,https://www.healthgrades.com/physician/dr-douglas-allen-2t9mx
"Dr.David Satterfield,DC",Chiropractor,https://www.zocdoc.com/doctor/david-satterfield-dc-289486
"Dr.Roshni R. Naik,MD",Allergist,https://profiles.mountsinai.org/roshni-naik
"Dr.Priya Chokshi,MD",Rheumatologist,https://arthritissj.com/our-team/priya-chokshi/
"Eduardo Yarur,PA",Physician Assistant,https://profiles.mountsinai.org/eduardo-v-yarur
"Dr.Gary Stadtmauer,MD",Allergist,https://cityallergy.com/
"Dr.Bradley Glodny,MD",Dermatologist,https://www.parkderm.com/bradley-glodny-md/
"Godfrey Aneke,NP",Family Nurse Practitioner,https://www.zocdoc.com/doctor/godfrey-aneke-dnp-msn-mba-438371
"Dr.Matthew Pabis,MD",Family Physician,https://www.zocdoc.com/doctor/matthew-pabis-md-221792
"Dr.Melissa Chan,MD",Internist,https://doctor.webmd.com/doctor/melissa-chan-4ac8f70e-236e-4a61-8cb1-d2339ff5e91b-overview
"Dr.Sourab Choudhury,DO",Pediatric Dermatologist,https://www.zocdoc.com/doctor/sourab-choudhury-do-284663
"Dr.David Culang,MD","Ear, Nose & Throat Doctor",https://www.zocdoc.com/doctor/david-culang-md-14815
"Dr.George Castro,MD",Pulmonologist,https://www.georgeacastromd.com/
"Lauren Falcone,NP",Adult Nurse Practitioner,https://npino.com/nurse/1528604972-lauren-m-falcone/
"Dr.Jeffrey Ahn,MD",Facial Plastic & Reconstructive Surgeon,https://parkavenuemedicalcenter.com/medical-director/
"Brooke Morton,FNP",Nurse Practitioner,https://www.medicarelist.com/nurse/mrs-brooke-allison-morton-brooklyn-ny/
"Dr.Anthony Del Signore,MD, PharmD",Sinus Surgeon / Rhinologist,https://www.zocdoc.com/doctor/anthony-del-signore-md-pharmd-147329
"Dr.Keith Uleis,MD",Primary Care Doctor,https://profiles.mountsinai.org/keith-h-uleis
"Dr.Natan Schleider,MD",Addiction Specialist,https://doctorinthefamily.nyc/dr-natan-schleider-md/
"Dr.Janie Barnett,AuD",Audiologist,https://www.zocdoc.com/doctor/janie-barnett-aud-80262
"Dr.Alyssa Hackett,MD",Pediatric Otolaryngologist,https://www.zocdoc.com/doctor/alyssa-hackett-md-113023
"Dr. William Mandell, MD",Infectious Disease Specialist,https://www.zocdoc.com/doctor/william-mandell-md-1298033
"Dr. Alexa Lessow, MD",Head & Neck Surgeon,https://www.zocdoc.com/doctor/alexa-lessow-md-1625
"Dr. Pramod Sanghi, MD",Cardiologist,https://www.healthgrades.com/physician/dr-pramod-sanghi-y69fd
"Dr. Christopher Straface, DC",Chiropractor,https://www.healthgrades.com/providers/christopher-straface-xymcpry
"Dr. Nailun Chang, MD",Interventional Cardiologist,https://www.zocdoc.com/doctor/nailun-chang-md-300056
"Dr. Cheryl Cottrol, MD",Neurologist,https://www.greenwichhospital.org/physicians/cheryl-h-cottrol
"Dr. Isaac Namdar, MD, FACS",Surgeon,https://www.newyorkentspecialist.com/
"Dr. Faith Chang, MD",Urgent Care Specialist,https://www.healthgrades.com/physician/dr-faith-chang-y8tq9
"Dr. Carolyn Chang, MD",Pediatrician,https://health.usnews.com/doctors/carolyn-chang-705477
"Dr. Faisal Jamal, MD",Nephrologist,https://www.pennmedicine.org/providers/profile/faisal-jamal
"Dr. David Brisman, DMD",Dentist,https://www.davidbrismandmd.com//
"Christina Kamilaris, CDN, RDN, CSSD",Dietitian,https://www.zocdoc.com/doctor/christina-kamilaris-rdn-cssd-ms-299519
"Ashley Sobel, CDN",Nutritionist,https://npidb.org/doctors/dietary_and_nutritional/dietitian-registered_133v00000x/1750852257.aspx
"Dr. Gillian Katz, MD",Endocrinologist,https://www.castleconnolly.com/top-doctors/gillian-katz-endocrinology-diabetes-metabolism-81cc040342
"Ryan Rifkin, NP",Family Psychiatric & Mental Health Nurse Practitioner,https://www.zocdoc.com/doctor/ryan-rifkin-np-280709
"Dr. Daniel J. Rosen, MD",Bariatric Surgeon,https://www.weightzen.com/dr-daniel-j-rosen/
"Dr. Aykut Ozden, MD",Child and Adolescent Psychiatrist,https://www.healthgrades.com/physician/dr-aykut-ozden-xqsxww
"Dr. Jonathan Erber, MD",Gastroenterologist,https://www.nygahealth.com/ErberJoinsNYGA/
"Dr. Ephraim Ovitsh, MD, FACOG",OB-GYN,https://www.zocdoc.com/doctor/ephraim-ovitsh-md-facog-7170
"Dr. John Roland, MD",Neuro-Otologist,https://www.healthgrades.com/physician/dr-john-roland-26qlk
"Dr.Fitzgeraldo Sanchez,MD",Dermatologist,https://health.usnews.com/doctors/fitzgeraldo-sanchez-594265
"Dr.Gregory Tsai,MD","Ear, Nose & Throat Doctor",https://profiles.mountsinai.org/gregory-tsai
"Dr.Rajiv Agashiwala,DO",Family Physician,https://profiles.mountsinai.org/rajiv-agashiwala
"Kendra Joseph,PAC",Physician Assistant,https://www.schweigerderm.com/providers/kendra-joseph-pa-c/
"Dr.Diana Nassar,MD",Family Physician,https://www.reside.health/providers/diana-nassar-md
"Meulan Amen,NP",Adult Nurse Practitioner,https://www.zocdoc.com/doctor/meulan-amen-np-143834
"Dr.Calvin Wei,MD","Ear, Nose & Throat Doctor",https://profiles.mountsinai.org/calvin-wei
"Dr.Douglas Altchek,MD",Dermatologist,https://profiles.mountsinai.org/douglas-d-altchek
"Dr.Calvin Wei,MD","Ear, Nose & Throat Doctor",https://profiles.mountsinai.org/calvin-wei
"Dr.Jonathan Ungar,MD",Dermatologist,https://profiles.mountsinai.org/jonathan-p-ungar
"Dr.Jared Dropkin,DO",Family Physician,https://profiles.mountsinai.org/jared-e-dropkin
"Paria Torabi,PA",Physician Assistant,https://www.schweigerderm.com/providers/paria-torabi-pa-c/
"Dr.Bruce E. Katz,MD",Dermatologist,https://www.juvaskin.com/about/our-staff/dr-bruce-katz/
"Dr.Sanjosh Singh,DO",Dermatologist,https://www.thedermspecs.com/meet-the-team/sanjosh-singh/
"Dr.Ami Patel,MD",Internist,https://profiles.mountsinai.org/ami-e-patel
